{
	"format_version": "1.8.0",
	"animations": {
		"fly": {
			"animation_length": 3,
			"bones": {
				"rightleg": {
					"rotation": {
						"0.1667": {
							"vector": [0, 0, 0]
						},
						"0.3333": {
							"vector": [20, 0, 0]
						}
					},
					"position": {
						"0.1667": {
							"vector": [0, 0, 0]
						},
						"0.3333": {
							"vector": [0, 0, 1]
						}
					}
				},
				"leftleg": {
					"rotation": {
						"0.1667": {
							"vector": [0, 0, 0]
						},
						"0.3333": {
							"vector": [20, 0, 0]
						}
					},
					"position": {
						"0.1667": {
							"vector": [0, 0, 0]
						},
						"0.3333": {
							"vector": [0, 0, 1]
						}
					}
				},
				"tail": {
					"rotation": {
						"0.0": {
							"vector": [0, 0, 0]
						},
						"0.1667": {
							"vector": [17.5, 0, 0]
						},
						"0.3333": {
							"vector": [-12.5, 0, 0]
						}
					},
					"position": {
						"0.0": {
							"vector": [0, 0, 0]
						},
						"0.1667": {
							"vector": [0, 0, -1]
						},
						"0.3333": {
							"vector": [0, 0, 0]
						}
					},
					"scale": {
						"vector": [1, 1, 1]
					}
				},
				"body": {
					"rotation": {
						"0.0": {
							"vector": [0, 0, 0]
						},
						"0.1667": {
							"vector": [22.5, 0, 0]
						},
						"0.3333": {
							"vector": [-7.5, 0, 0]
						}
					},
					"position": {
						"vector": [0, 0, 0]
					}
				},
				"leftwing": {
					"rotation": {
						"0.0": {
							"vector": [0, 0, 0]
						},
						"0.1667": {
							"vector": [0, 10, -20]
						},
						"0.3333": {
							"vector": [-3.35223, -3.17815, -71.1679]
						},
						"0.5": {
							"vector": [-32.15805, -21.8331, -18.24994]
						},
						"0.6667": {
							"vector": [-3.35223, -3.17815, -71.1679]
						},
						"0.8333": {
							"vector": [-32.15805, -21.8331, -18.24994]
						},
						"1.0": {
							"vector": [-3.35223, -3.17815, -71.1679]
						},
						"1.1667": {
							"vector": [-32.15805, -21.8331, -18.24994]
						},
						"1.375": {
							"vector": [-3.35223, -3.17815, -71.1679]
						},
						"1.5833": {
							"vector": [-32.15805, -21.8331, -18.24994]
						},
						"1.8333": {
							"vector": [-3.35223, -3.17815, -71.1679]
						},
						"2.2083": {
							"vector": [-32.15805, -21.8331, -18.24994]
						},
						"2.8333": {
							"vector": [-3.35223, -3.17815, -71.1679]
						}
					},
					"position": {
						"0.0": {
							"vector": [0, 0, 0]
						},
						"0.1667": {
							"vector": [-1, -1, 0]
						}
					}
				},
				"rightwing": {
					"rotation": {
						"0.0": {
							"vector": [0, 0, 0]
						},
						"0.1667": {
							"vector": [0, -10, 20]
						},
						"0.3333": {
							"vector": [-3.35223, -3.17815, 71.16792]
						},
						"0.5": {
							"vector": [-32.02136, 21.28131, 18.30013]
						},
						"0.6667": {
							"vector": [-3.35223, -3.17815, 71.16792]
						},
						"0.8333": {
							"vector": [-32.02136, 21.28131, 18.30013]
						},
						"1.0": {
							"vector": [-3.35223, -3.17815, 71.16792]
						},
						"1.1667": {
							"vector": [-32.02136, 21.28131, 18.30013]
						},
						"1.375": {
							"vector": [-3.35223, -3.17815, 71.16792]
						},
						"1.5833": {
							"vector": [-32.02136, 21.28131, 18.30013]
						},
						"1.8333": {
							"vector": [-3.35223, -3.17815, 71.16792]
						},
						"2.2083": {
							"vector": [-32.02136, 21.28131, 18.30013]
						},
						"2.8333": {
							"vector": [-3.35223, -3.17815, 71.16792]
						}
					},
					"position": {
						"0.0": {
							"vector": [0, 0, 0]
						},
						"0.1667": {
							"vector": [1, -1, 0]
						}
					}
				},
				"head": {
					"rotation": {
						"0.0": {
							"vector": [0, 0, 0]
						},
						"0.1667": {
							"vector": [2.44307, 0.46548, -0.2448]
						},
						"0.3333": {
							"vector": [-20.05693, 0.46548, -0.2448]
						}
					},
					"position": {
						"0.0": {
							"vector": [0, 0, 0]
						},
						"0.1667": {
							"vector": [0, 0, -1]
						},
						"0.3333": {
							"vector": [0, 0, 0]
						}
					}
				},
				"raven": {
					"rotation": {
						"0.1667": {
							"vector": [0, 0, 0]
						},
						"0.3333": {
							"vector": [10, 0, 0]
						},
						"0.5": {
							"vector": [10, 0, 0]
						}
					},
					"position": {
						"0.1667": {
							"vector": [0, 0, 0]
						},
						"0.3333": {
							"vector": [0, 2, 0]
						},
						"0.5": {
							"vector": [0, 6, -2]
						},
						"0.6667": {
							"vector": [0, 12, -6]
						},
						"0.8333": {
							"vector": [0, 18, -14]
						},
						"1.0": {
							"vector": [0, 25, -25]
						},
						"1.1667": {
							"vector": [0, 33, -35]
						},
						"1.375": {
							"vector": [0, 46, -44]
						},
						"1.5833": {
							"vector": [0, 63, -54]
						},
						"1.8333": {
							"vector": [0, 100, -72]
						},
						"2.2083": {
							"vector": [0, 214, -100]
						},
						"2.8333": {
							"vector": [0, 600, -263]
						}
					}
				},
				"neck": {
					"rotation": {
						"0.0": {
							"vector": [0, 0, 0]
						},
						"0.1667": {
							"vector": [10, 0, 0]
						},
						"0.3333": {
							"vector": [-2.5, 0, 0]
						}
					},
					"position": {
						"0.0": {
							"vector": [0, 0, 0]
						},
						"0.1667": {
							"vector": [0, 0, -1]
						},
						"0.3333": {
							"vector": [0, 1, 0]
						}
					}
				}
			}
		}
	},
	"geckolib_format_version": 2
}